Util_Range,Util_Midpoint,HP_Schedulability,MP_Schedulability,LP_Schedulability
0.02-0.08,0.05,100.0,99.0,99.0
0.12-0.18,0.15,100.0,96.0,94.0
0.22-0.28,0.25,100.0,99.0,98.0
0.32-0.38,0.35,100.0,98.0,97.0
0.42-0.48,0.44999999999999996,100.0,99.0,96.0
0.52-0.58,0.55,100.0,95.0,91.0
0.62-0.68,0.65,99.0,92.0,86.0
0.72-0.78,0.75,95.0,86.0,79.0
0.82-0.88,0.85,87.0,72.0,71.0
0.92-0.98,0.95,80.0,63.0,57.99999999999999
