Util_Range,Util_Midpoint,HP_Schedulability,MP_Schedulability,LP_Schedulability
0.02-0.08,0.05,97.0,76.0,74.0
0.12-0.18,0.15,100.0,76.0,64.0
0.22-0.28,0.25,98.0,81.0,72.0
0.32-0.38,0.35,95.0,68.0,55.00000000000001
0.42-0.48,0.44999999999999996,90.0,57.99999999999999,53.0
0.52-0.58,0.55,86.0,47.0,43.0
0.62-0.68,0.65,81.0,44.0,36.0
0.72-0.78,0.75,68.0,32.0,21.0
0.82-0.88,0.85,53.0,20.0,15.0
0.92-0.98,0.95,36.0,12.0,8.0
